prob_pred,prob_true
0.13913620531786489,0.13435114503816795
0.2953416060393109,0.31997282608695654
0.4979030724131165,0.4920273348519362
0.7115925628952529,0.6954732510288066
0.8410888850688935,0.8528
