group,disease_rate
Female,0.4921174444866835
Male,0.49962396590624214
