group,disease_rate
Female,0.25773195876288657
Male,0.6322314049586777
