prob_pred,prob_true
0.17429130338132381,0.0
0.3017440177500248,0.25
0.5024725613849503,0.4642857142857143
0.7138488363652002,0.7380952380952381
0.8782243964283966,1.0
