prob_pred,prob_true
0.16820141021162271,0.0
0.3094788127475315,0.2962962962962963
0.49657900094985963,0.56
0.6984326827029387,0.8125
0.8768749941479076,1.0
