prob_pred,prob_true
0.16839533831392015,0.0
0.28686578944325447,0.0
0.4822643041610718,0.2
0.6951481699943542,0.5714285714285714
0.8840077668428421,0.75
