prob_pred,prob_true
0.1347989426816211,0.0
0.2839176282286644,0.16666666666666666
0.4971166891711099,0.42857142857142855
0.7252944558858871,0.75
0.8426533341407776,1.0
