prob_pred,prob_true
0.12544424831867218,0.0
0.25803110003471375,0.14285714285714285
0.4914782742659251,0.5
0.6936672776937485,0.75
0.8537759184837341,1.0
