prob_pred,prob_true
0.155284417172273,0.0
0.3010045868846086,0.2692307692307692
0.4966139572281991,0.5806451612903226
0.7151729367500128,0.813953488372093
0.886846298680586,1.0
